title,artists,date,rank,peak,total weeks,info,Sentiment
Low,Flo Rida Featuring T-Pain,1/6/2008,1,1,10,Low+Flo Rida Featuring T-Pain,0.006840475
No One,Alicia Keys,1/6/2008,2,1,17,No One+Alicia Keys,0.512364089
Apologize,Timbaland Featuring OneRepublic,1/6/2008,3,2,22,Apologize+Timbaland Featuring OneRepublic,0.004864282
Kiss Kiss,Chris Brown Featuring T-Pain,1/6/2008,4,1,16,Kiss Kiss+Chris Brown Featuring T-Pain,0.999462068
Clumsy,Fergie,1/6/2008,6,5,12,Clumsy+Fergie,0.988202989
Bubbly,Colbie Caillat,1/6/2008,7,5,27,Bubbly+Colbie Caillat,0.995589495
Paralyzer,Finger Eleven,1/6/2008,8,6,30,Paralyzer+Finger Eleven,0.923767209
Love Song,Sara Bareilles,1/6/2008,9,9,9,Love Song+Sara Bareilles,0.985755503
Tattoo,Jordin Sparks,1/6/2008,10,8,14,Tattoo+Jordin Sparks,0.537075341
Cyclone,Baby Bash Featuring T-Pain,1/6/2008,11,7,23,Cyclone+Baby Bash Featuring T-Pain,0.987497687
Stronger,Kanye West,1/6/2008,14,1,23,Stronger+Kanye West,0.989689231
Hate That I Love You,Rihanna Featuring Ne-Yo,1/6/2008,15,7,18,Hate That I Love You+Rihanna Featuring Ne-Yo,0.145245641
Good Life,Kanye West Featuring T-Pain,1/6/2008,16,7,16,Good Life+Kanye West Featuring T-Pain,0.539121509
Big Girls Don't Cry,Fergie,1/6/2008,21,1,37,Big Girls Don't Cry+Fergie,0.997134805
Rockstar,Nickelback,1/6/2008,23,6,47,Rockstar+Nickelback,0.96905911
The Way I Are,Timbaland Featuring Keri Hilson,1/6/2008,29,3,31,The Way I Are+Timbaland Featuring Keri Hilson,0.941405058
Who Knew,P!nk,1/6/2008,47,9,30,Who Knew+P!nk,0.012192802
Gimme More,Britney Spears,1/6/2008,53,3,17,Gimme More+Britney Spears,0.006760302
1234,Feist,1/6/2008,59,8,14,1234+Feist,0.980871558
With You,Chris Brown,1/20/2008,6,6,7,With You+Chris Brown,0.967776239
Take You There,Sean Kingston,1/20/2008,10,10,11,Take You There+Sean Kingston,0.827352166
Don't Stop The Music,Rihanna,1/27/2008,7,7,9,Don't Stop The Music+Rihanna,0.991575897
Sensual Seduction,Snoop Dogg,2/3/2008,8,8,9,Sensual Seduction+Snoop Dogg,0.373102427
New Soul,Yael Naim,2/10/2008,9,9,0,New Soul+Yael Naim,0.999457896
Sorry,Buckcherry,2/17/2008,10,10,10,Sorry+Buckcherry,0.00573317
Independent,Webbie Featuring Lil' Phat & Lil' Boosie,2/24/2008,10,10,13,Independent+Webbie Featuring Lil' Phat & Lil' Boosie,0.640080869
Love In This Club,Usher Featuring Young Jeezy,3/9/2008,1,1,3,Love In This Club+Usher Featuring Young Jeezy,0.963216364
Sexy Can I,Ray J & Yung Berg,3/16/2008,7,7,6,Sexy Can I+Ray J & Yung Berg,0.981865823
Superstar,Lupe Fiasco Featuring Matthew Santos,3/16/2008,10,10,13,Superstar+Lupe Fiasco Featuring Matthew Santos,0.510423839
Bleeding Love,Leona Lewis,3/23/2008,8,8,5,Bleeding Love+Leona Lewis,0.976583958
Lollipop,Lil Wayne Featuring Static Major,3/30/2008,9,9,2,Lollipop+Lil Wayne Featuring Static Major,0.667805254
Shawty Get Loose,Lil Mama Featuring Chris Brown & T-Pain,3/30/2008,10,10,5,Shawty Get Loose+Lil Mama Featuring Chris Brown & T-Pain,0.999482632
Touch My Body,Mariah Carey,4/6/2008,1,1,7,Touch My Body+Mariah Carey,0.996834457
4 Minutes,Madonna Featuring Justin Timberlake & Timbaland,4/6/2008,3,3,2,4 Minutes+Madonna Featuring Justin Timberlake & Timbaland,0.000377498
See You Again,Miley Cyrus,4/27/2008,10,10,20,See You Again+Miley Cyrus,0.034744397
Forever,Chris Brown,5/4/2008,9,9,0,Forever+Chris Brown,0.993588924
Pocketful Of Sunshine,Natasha Bedingfield,5/11/2008,8,8,12,Pocketful Of Sunshine+Natasha Bedingfield,0.989957511
Leavin',Jesse McCartney,5/11/2008,10,10,2,Leavin'+Jesse McCartney,0.974753439
Take A Bow,Rihanna,5/18/2008,1,1,5,Take A Bow+Rihanna,0.99373889
Damaged,Danity Kane,5/18/2008,10,10,9,Damaged+Danity Kane,0.000423118
The Time Of My Life,David Cook,6/1/2008,3,3,0,The Time Of My Life+David Cook,0.079652667
Viva La Vida,Coldplay,6/1/2008,10,10,3,Viva La Vida+Coldplay,0.216545761
I Kissed A Girl,Katy Perry,6/8/2008,5,5,4,I Kissed A Girl+Katy Perry,0.9729743
Shake It,Metro Station,6/22/2008,10,10,11,Shake It+Metro Station,0.999537587
When I Grow Up,The Pussycat Dolls,6/29/2008,9,9,4,When I Grow Up+The Pussycat Dolls,0.938703656
7 Things,Miley Cyrus,6/29/2008,10,10,3,7 Things+Miley Cyrus,0.938349724
Burnin' Up,Jonas Brothers,7/6/2008,5,5,0,Burnin' Up+Jonas Brothers,0.997862756
This Is Me,Demi Lovato & Joe Jonas,7/6/2008,9,9,2,This Is Me+Demi Lovato & Joe Jonas,0.016920848
A Milli,Lil Wayne,7/20/2008,8,8,12,A Milli+Lil Wayne,0.961383462
Dangerous,Kardinal Offishall Featuring Akon,7/27/2008,9,9,11,Dangerous+Kardinal Offishall Featuring Akon,0.998184144
Disturbia,Rihanna,8/3/2008,4,4,6,Disturbia+Rihanna,0.988011599
Tonight,Jonas Brothers,8/10/2008,8,8,0,Tonight+Jonas Brothers,0.85312885
Closer,Ne-Yo,8/10/2008,10,10,16,Closer+Ne-Yo,0.200515822
Paper Planes,M.I.A.,8/17/2008,5,5,4,Paper Planes+M.I.A.,0.010250614
Crush,David Archuleta,8/24/2008,2,2,0,Crush+David Archuleta,0.086680278
Change,Taylor Swift,8/24/2008,10,10,0,Change+Taylor Swift,0.813506484
Whatever You Like,T.I.,8/31/2008,1,1,3,Whatever You Like+T.I.,0.995730698
So What,P!nk,8/31/2008,9,9,0,So What+P!nk,0.987355769
I'm Yours,Jason Mraz,9/7/2008,9,9,20,I'm Yours+Jason Mraz,0.008913203
In The Ayer,Flo Rida Featuring will.i.am,9/14/2008,9,9,12,In The Ayer+Flo Rida Featuring will.i.am,0.756523311
Swagga Like Us,Jay-Z & T.I. Featuring Kanye West & Lil Wayne,9/21/2008,5,5,0,Swagga Like Us+Jay-Z & T.I. Featuring Kanye West & Lil Wayne,0.585412621
Can't Believe It,T-Pain Featuring Lil Wayne,9/21/2008,8,8,7,Can't Believe It+T-Pain Featuring Lil Wayne,0.312499881
Got Money,Lil Wayne Featuring T-Pain,9/21/2008,10,10,16,Got Money+Lil Wayne Featuring T-Pain,0.992061138
Love Lockdown,Kanye West,9/28/2008,3,3,0,Love Lockdown+Kanye West,0.978056192
Love Story,Taylor Swift,9/28/2008,5,5,2,Love Story+Taylor Swift,0.992739141
Hot N Cold,Katy Perry,9/28/2008,9,9,8,Hot N Cold+Katy Perry,0.978345335
Live Your Life,T.I. Featuring Rihanna,10/12/2008,1,1,2,Live Your Life+T.I. Featuring Rihanna,0.591381967
Let It Rock,Kevin Rudolf Featuring Lil Wayne,10/12/2008,5,5,6,Let It Rock+Kevin Rudolf Featuring Lil Wayne,0.046078138
Keeps Gettin' Better,Christina Aguilera,10/12/2008,7,7,0,Keeps Gettin' Better+Christina Aguilera,0.989566863
Gotta Be Somebody,Nickelback,10/12/2008,10,10,0,Gotta Be Somebody+Nickelback,0.912916899
Womanizer,Britney Spears,10/19/2008,1,1,2,Womanizer+Britney Spears,0.989902854
Miss Independent,Ne-Yo,10/19/2008,9,9,8,Miss Independent+Ne-Yo,0.985975683
Fearless,Taylor Swift,10/26/2008,9,9,0,Fearless+Taylor Swift,0.959166348
If I Were A Boy,Beyonce,11/2/2008,3,3,3,If I Were A Boy+Beyonce,0.825416982
Right Now (Na Na Na),Akon,11/9/2008,9,9,6,Right Now (Na Na Na)+Akon,0.429368109
Heartless,Kanye West,11/16/2008,4,4,0,Heartless+Kanye West,0.000185143
Single Ladies (Put A Ring On It),Beyonce,11/30/2008,2,2,6,Single Ladies (Put A Ring On It)+Beyonce,0.991028368
Just Dance,Lady Gaga Featuring Colby O'Donis,11/30/2008,7,7,16,Just Dance+Lady Gaga Featuring Colby O'Donis,0.998155892
Circus,Britney Spears,12/14/2008,3,3,0,Circus+Britney Spears,0.965341926
Gives You Hell,The All-American Rejects,1/18/2009,10,10,9,Gives You Hell+The All-American Rejects,0.005778994
My Life Would Suck Without You,Kelly Clarkson,2/1/2009,1,1,2,My Life Would Suck Without You+Kelly Clarkson,0.993016958
You Found Me,The Fray,2/1/2009,8,8,10,You Found Me+The Fray,0.196282357
Crack A Bottle,"Eminem, Dr. Dre & 50 Cent",2/15/2009,1,1,4,"Crack A Bottle+Eminem, Dr. Dre & 50 Cent",0.905331612
Dead And Gone,T.I. Featuring Justin Timberlake,2/15/2009,9,9,10,Dead And Gone+T.I. Featuring Justin Timberlake,8.88E-05
Right Round,Flo Rida,2/22/2009,1,1,3,Right Round+Flo Rida,0.286898792
Poker Face,Lady Gaga,2/22/2009,10,10,9,Poker Face+Lady Gaga,0.109441981
The Climb,Miley Cyrus,3/15/2009,6,6,0,The Climb+Miley Cyrus,0.730791092
Blame It,Jamie Foxx Featuring T-Pain,3/15/2009,10,10,8,Blame It+Jamie Foxx Featuring T-Pain,0.950735688
I Told You So,Carrie Underwood Featuring Randy Travis,3/29/2009,9,9,6,I Told You So+Carrie Underwood Featuring Randy Travis,0.960332513
Love Sex Magic,Ciara Featuring Justin Timberlake,4/5/2009,10,10,3,Love Sex Magic+Ciara Featuring Justin Timberlake,0.988724649
Boom Boom Pow,The Black Eyed Peas,4/12/2009,1,1,4,Boom Boom Pow+The Black Eyed Peas,0.992011249
Day 'N' Nite,Kid Cudi,4/12/2009,7,7,12,Day 'N' Nite+Kid Cudi,0.972124696
We Made You,Eminem,4/26/2009,9,9,0,We Made You+Eminem,0.132471561
Sugar,Flo Rida Featuring Wynter,5/3/2009,7,7,6,Sugar+Flo Rida Featuring Wynter,0.061580505
Halo,Beyonce,5/3/2009,10,10,14,Halo+Beyonce,0.054826252
Don't Trust Me,3OH!3,5/10/2009,9,9,21,Don't Trust Me+3OH!3,0.000459746
I Know You Want Me (Calle Ocho),Pitbull,5/24/2009,4,4,12,I Know You Want Me (Calle Ocho)+Pitbull,0.576959729
Birthday Sex,Jeremih,5/24/2009,9,9,6,Birthday Sex+Jeremih,0.99758029
New Divide,Linkin Park,5/31/2009,6,6,0,New Divide+Linkin Park,0.002197739
Waking Up In Vegas,Katy Perry,5/31/2009,10,10,4,Waking Up In Vegas+Katy Perry,0.935792744
Knock You Down,Keri Hilson Featuring Kanye West & Ne-Yo,6/7/2009,7,7,10,Knock You Down+Keri Hilson Featuring Kanye West & Ne-Yo,0.865462899
Fire Burning,Sean Kingston,6/7/2009,9,9,4,Fire Burning+Sean Kingston,0.991265357
LoveGame,Lady Gaga,6/7/2009,10,10,7,LoveGame+Lady Gaga,0.973416209
Second Chance,Shinedown,6/14/2009,7,7,28,Second Chance+Shinedown,0.966813743
I Gotta Feeling,The Black Eyed Peas,6/21/2009,2,2,0,I Gotta Feeling+The Black Eyed Peas,0.998909831
Best I Ever Had,Drake,6/28/2009,3,3,7,Best I Ever Had+Drake,0.938408494
Every Girl,Young Money,6/28/2009,10,10,7,Every Girl+Young Money,0.947039485
You Belong With Me,Taylor Swift,7/12/2009,9,9,11,You Belong With Me+Taylor Swift,0.125862345
He Could Be The One,Hannah Montana,7/19/2009,10,10,0,He Could Be The One+Hannah Montana,0.993992269
Use Somebody,Kings Of Leon,8/2/2009,5,5,26,Use Somebody+Kings Of Leon,0.972295165
Battlefield,Jordin Sparks,8/2/2009,10,10,11,Battlefield+Jordin Sparks,0.800448179
Down,Jay Sean Featuring Lil Wayne,8/9/2009,6,6,5,Down+Jay Sean Featuring Lil Wayne,0.007073614
Good Girls Go Bad,Cobra Starship Featuring Leighton Meester,8/9/2009,10,10,10,Good Girls Go Bad+Cobra Starship Featuring Leighton Meester,0.385872483
Hotel Room Service,Pitbull,8/16/2009,9,9,8,Hotel Room Service+Pitbull,0.997318685
Party In The U.S.A.,Miley Cyrus,8/23/2009,2,2,0,Party In The U.S.A.+Miley Cyrus,0.990904033
Run This Town,"Jay-Z, Rihanna & Kanye West",8/23/2009,3,3,3,"Run This Town+Jay-Z, Rihanna & Kanye West",0.965919495
Obsessed,Mariah Carey,9/13/2009,7,7,9,Obsessed+Mariah Carey,0.925391078
Whatcha Say,Jason Derulo,9/13/2009,9,9,4,Whatcha Say+Jason Derulo,0.891366959
Empire State Of Mind,Jay-Z + Alicia Keys,9/27/2009,5,5,2,Empire State Of Mind+Jay-Z + Alicia Keys,0.988089383
Paparazzi,Lady Gaga,9/27/2009,7,7,4,Paparazzi+Lady Gaga,0.953086376
Forever,"Drake Featuring Kanye West, Lil Wayne & Eminem",9/27/2009,8,8,0,"Forever+Drake Featuring Kanye West, Lil Wayne & Eminem",0.09627334
3,Britney Spears,10/18/2009,1,1,1,3+Britney Spears,0.99717629
Fireflies,Owl City,10/18/2009,9,9,8,Fireflies+Owl City,0.021277092
Meet Me Halfway,The Black Eyed Peas,10/25/2009,9,9,5,Meet Me Halfway+The Black Eyed Peas,0.040718034
Sweet Dreams,Beyonce,11/1/2009,10,10,14,Sweet Dreams+Beyonce,0.991979957
Bad Romance,Lady Gaga,11/8/2009,9,9,0,Bad Romance+Lady Gaga,0.017750662
Jump Then Fall,Taylor Swift,11/8/2009,10,10,0,Jump Then Fall+Taylor Swift,0.997874022
Replay,Iyaz,11/15/2009,4,4,12,Replay+Iyaz,0.997894228
Russian Roulette,Rihanna,11/15/2009,9,9,3,Russian Roulette+Rihanna,0.001767623
Need You Now,Lady Antebellum,11/22/2009,5,5,14,Need You Now+Lady Antebellum,0.769409299
TiK ToK,Ke$ha,11/22/2009,10,10,6,TiK ToK+Ke$ha,0.986831307
Sexy Chick,David Guetta Featuring Akon,11/29/2009,7,7,16,Sexy Chick+David Guetta Featuring Akon,0.440828651
Do You Remember,Jay Sean Featuring Sean Paul & Lil Jon,1/3/2010,10,10,8,Do You Remember+Jay Sean Featuring Sean Paul & Lil Jon,0.049015805
Blah Blah Blah,Ke$ha Featuring 3OH!3,1/17/2010,7,7,0,Blah Blah Blah+Ke$ha Featuring 3OH!3,0.012462048
Hard,Rihanna Featuring Jeezy,1/17/2010,9,9,8,Hard+Rihanna Featuring Jeezy,0.789592505
"Hey, Soul Sister",Train,1/24/2010,7,7,16,"Hey, Soul Sister+Train",0.018532049
How Low,Ludacris,1/24/2010,10,10,6,How Low+Ludacris,0.654786944
Today Was A Fairytale,Taylor Swift,1/31/2010,2,2,0,Today Was A Fairytale+Taylor Swift,0.992970407
Baby,Justin Bieber Featuring Ludacris,1/31/2010,5,5,0,Baby+Justin Bieber Featuring Ludacris,0.148258299
Imma Be,The Black Eyed Peas,2/7/2010,4,4,9,Imma Be+The Black Eyed Peas,0.986649334
In My Head,Jason Derulo,2/21/2010,9,9,10,In My Head+Jason Derulo,0.002375446
Say Aah,Trey Songz Featuring Fabolous,2/28/2010,10,10,15,Say Aah+Trey Songz Featuring Fabolous,0.162261739
Rude Boy,Rihanna,3/7/2010,8,8,3,Rude Boy+Rihanna,0.995100081
Break Your Heart,Taio Cruz Featuring Ludacris,3/14/2010,1,1,2,Break Your Heart+Taio Cruz Featuring Ludacris,0.02325324
Telephone,Lady Gaga Featuring Beyonce,3/21/2010,9,9,16,Telephone+Lady Gaga Featuring Beyonce,0.748595595
Your Love Is My Drug,Ke$ha,4/25/2010,9,9,10,Your Love Is My Drug+Ke$ha,0.988917708
Whataya Want From Me,Adam Lambert,4/25/2010,10,10,18,Whataya Want From Me+Adam Lambert,0.042032797
Young Forever,Jay-Z + Mr. Hudson,5/9/2010,10,10,16,Young Forever+Jay-Z + Mr. Hudson,0.20159322
Not Afraid,Eminem,5/16/2010,1,1,1,Not Afraid+Eminem,0.245821729
My First Kiss,3OH!3 Featuring Ke$ha,5/16/2010,9,9,0,My First Kiss+3OH!3 Featuring Ke$ha,0.98020947
California Gurls,Katy Perry Featuring Snoop Dogg,5/23/2010,2,2,0,California Gurls+Katy Perry Featuring Snoop Dogg,0.995585203
Alejandro,Lady Gaga,5/23/2010,8,8,7,Alejandro+Lady Gaga,0.313943177
Can't Be Tamed,Miley Cyrus,5/30/2010,8,8,0,Can't Be Tamed+Miley Cyrus,0.346241951
Bulletproof,La Roux,6/6/2010,8,8,13,Bulletproof+La Roux,0.02965139
Billionaire,Travie McCoy Featuring Bruno Mars,6/13/2010,5,5,10,Billionaire+Travie McCoy Featuring Bruno Mars,0.385745227
Rock That Body,The Black Eyed Peas,6/13/2010,9,9,6,Rock That Body+The Black Eyed Peas,0.919123769
Find Your Love,Drake,6/20/2010,10,10,6,Find Your Love+Drake,0.174182609
Cooler Than Me,Mike Posner,6/27/2010,8,8,8,Cooler Than Me+Mike Posner,0.919100463
Love The Way You Lie,Eminem Featuring Rihanna,7/4/2010,2,2,0,Love The Way You Lie+Eminem Featuring Rihanna,0.503026843
Ridin' Solo,Jason Derulo,7/4/2010,10,10,13,Ridin' Solo+Jason Derulo,0.029486898
Dynamite,Taio Cruz,7/11/2010,7,7,5,Dynamite+Taio Cruz,0.995556533
I Like It,Enrique Iglesias Featuring Pitbull,7/18/2010,8,8,9,I Like It+Enrique Iglesias Featuring Pitbull,0.997098327
Teenage Dream,Katy Perry,8/8/2010,7,7,2,Teenage Dream+Katy Perry,0.036660857
Mine,Taylor Swift,8/15/2010,3,3,0,Mine+Taylor Swift,0.971308649
Right Above It,Lil Wayne Featuring Drake,8/29/2010,6,6,0,Right Above It+Lil Wayne Featuring Drake,0.950174689
Just The Way You Are,Bruno Mars,8/29/2010,9,9,5,Just The Way You Are+Bruno Mars,0.994582951
Take It Off,Ke$ha,9/5/2010,10,10,7,Take It Off+Ke$ha,0.904343784
Just A Dream,Nelly,9/12/2010,9,9,3,Just A Dream+Nelly,0.018618088
Club Can't Handle Me,Flo Rida Featuring David Guetta,9/19/2010,9,9,11,Club Can't Handle Me+Flo Rida Featuring David Guetta,0.996245325
Only Girl (In The World),Rihanna,9/26/2010,3,3,2,Only Girl (In The World)+Rihanna,0.261725038
Like A G6,Far*East Movement Featuring Cataracs & Dev,9/26/2010,10,10,6,Like A G6+Far*East Movement Featuring Cataracs & Dev,0.295563847
Speak Now,Taylor Swift,10/17/2010,8,8,0,Speak Now+Taylor Swift,0.896180511
Back To December,Taylor Swift,10/24/2010,6,6,0,Back To December+Taylor Swift,0.001558215
Bottoms Up,Trey Songz Featuring Nicki Minaj,10/24/2010,10,10,10,Bottoms Up+Trey Songz Featuring Nicki Minaj,0.982360363
Raise Your Glass,P!nk,10/31/2010,10,10,3,Raise Your Glass+P!nk,0.517884254
We R Who We R,Ke$ha,11/7/2010,1,1,1,We R Who We R+Ke$ha,0.9929263
Firework,Katy Perry,11/14/2010,10,10,3,Firework+Katy Perry,0.982356429
Teenage Dream,Glee Cast,11/21/2010,8,8,0,Teenage Dream+Glee Cast,0.034625854
F**k You! (Forget You),Cee Lo Green,11/28/2010,9,9,13,F**k You! (Forget You)+Cee Lo Green,0.02221044
The Time (Dirty Bit),The Black Eyed Peas,12/5/2010,9,9,3,The Time (Dirty Bit)+The Black Eyed Peas,0.961855352
Grenade,Bruno Mars,12/5/2010,10,10,9,Grenade+Bruno Mars,0.00553401
6 Foot 7 Foot,Lil Wayne Featuring Cory Gunz,12/26/2010,9,9,0,6 Foot 7 Foot+Lil Wayne Featuring Cory Gunz,0.917011857
Black And Yellow,Wiz Khalifa,1/2/2011,6,6,12,Black And Yellow+Wiz Khalifa,0.997843385
Hold It Against Me,Britney Spears,1/23/2011,1,1,1,Hold It Against Me+Britney Spears,0.982523978
F**kin' Perfect,P!nk,2/6/2011,2,2,5,F**kin' Perfect+P!nk,0.998551071
Rocketeer,Far*East Movement Featuring Ryan Tedder,2/6/2011,9,9,9,Rocketeer+Far*East Movement Featuring Ryan Tedder,0.640061557
I Need A Doctor,Dr. Dre Featuring Eminem & Skylar Grey,2/13/2011,5,5,0,I Need A Doctor+Dr. Dre Featuring Eminem & Skylar Grey,0.164552137
Born This Way,Lady Gaga,2/20/2011,1,1,1,Born This Way+Lady Gaga,0.973455548
Never Say Never,Justin Bieber Featuring Jaden Smith,2/27/2011,8,8,10,Never Say Never+Justin Bieber Featuring Jaden Smith,0.159751058
E.T.,Katy Perry Featuring Kanye West,3/6/2011,8,8,3,E.T.+Katy Perry Featuring Kanye West,0.990563989
On The Floor,Jennifer Lopez Featuring Pitbull,3/6/2011,9,9,0,On The Floor+Jennifer Lopez Featuring Pitbull,0.997385204
Blow,Ke$ha,3/13/2011,7,7,7,Blow+Ke$ha,0.69397825
Till The World Ends,Britney Spears Featuring Nicki Minaj & Ke$ha,3/20/2011,9,9,2,Till The World Ends+Britney Spears Featuring Nicki Minaj & Ke$ha,0.001175659
Just Can't Get Enough,The Black Eyed Peas,3/27/2011,5,5,5,Just Can't Get Enough+The Black Eyed Peas,0.092866614
Loser Like Me,Glee Cast,3/27/2011,6,6,0,Loser Like Me+Glee Cast,0.688849866
Look At Me Now,Chris Brown Featuring Lil Wayne & Busta Rhymes,3/27/2011,8,8,7,Look At Me Now+Chris Brown Featuring Lil Wayne & Busta Rhymes,0.979232609
Down On Me,Jeremih Featuring 50 Cent,3/27/2011,10,10,19,Down On Me+Jeremih Featuring 50 Cent,0.982888579
No Sleep,Wiz Khalifa,4/3/2011,6,6,0,No Sleep+Wiz Khalifa,0.996718466
Rolling In The Deep,Adele,4/10/2011,10,10,13,Rolling In The Deep+Adele,0.974607229
Judas,Lady Gaga,4/24/2011,10,10,0,Judas+Lady Gaga,0.988055944
The Lazy Song,Bruno Mars,5/1/2011,6,6,9,The Lazy Song+Bruno Mars,0.984224796
Just A Kiss,Lady Antebellum,5/15/2011,7,7,0,Just A Kiss+Lady Antebellum,0.99636817
Give Me Everything,"Pitbull Featuring Ne-Yo, Afrojack & Nayer",5/15/2011,8,8,6,"Give Me Everything+Pitbull Featuring Ne-Yo, Afrojack & Nayer",0.814612865
The Edge Of Glory,Lady Gaga,5/22/2011,3,3,0,The Edge Of Glory+Lady Gaga,0.996743143
Party Rock Anthem,LMFAO Featuring Lauren Bennett & GoonRock,5/29/2011,8,8,9,Party Rock Anthem+LMFAO Featuring Lauren Bennett & GoonRock,0.990464211
The Show Goes On,Lupe Fiasco,5/29/2011,9,9,21,The Show Goes On+Lupe Fiasco,0.995695949
I'm On One,"DJ Khaled Featuring Drake, Rick Ross & Lil Wayne",6/5/2011,10,10,2,"I'm On One+DJ Khaled Featuring Drake, Rick Ross & Lil Wayne",0.920043528
Dirt Road Anthem,Jason Aldean,6/19/2011,9,9,10,Dirt Road Anthem+Jason Aldean,0.007972691
Super Bass,Nicki Minaj,6/19/2011,10,10,7,Super Bass+Nicki Minaj,0.986592591
Last Friday Night (T.G.I.F.),Katy Perry,6/26/2011,4,4,4,Last Friday Night (T.G.I.F.)+Katy Perry,0.994594514
Moves Like Jagger,Maroon 5 Featuring Christina Aguilera,7/3/2011,8,8,0,Moves Like Jagger+Maroon 5 Featuring Christina Aguilera,0.272691756
How To Love,Lil Wayne,7/3/2011,10,10,5,How To Love+Lil Wayne,0.108948119
Good Life,OneRepublic,7/10/2011,9,9,14,Good Life+OneRepublic,0.903674781
Tonight Tonight,Hot Chelle Rae,7/10/2011,10,10,12,Tonight Tonight+Hot Chelle Rae,0.989732444
Skyscraper,Demi Lovato,7/24/2011,10,10,0,Skyscraper+Demi Lovato,0.618891001
Lighters,Bad Meets Evil Featuring Bruno Mars,7/31/2011,10,10,6,Lighters+Bad Meets Evil Featuring Bruno Mars,0.02939097
I Wanna Go,Britney Spears,8/7/2011,9,9,8,I Wanna Go+Britney Spears,0.95619154
Pumped Up Kicks,Foster The People,8/21/2011,8,8,16,Pumped Up Kicks+Foster The People,0.055026352
She Will,Lil Wayne Featuring Drake,8/28/2011,3,3,0,She Will+Lil Wayne Featuring Drake,0.147531018
Stereo Hearts,Gym Class Heroes Featuring Adam Levine,9/4/2011,10,10,11,Stereo Hearts+Gym Class Heroes Featuring Adam Levine,0.995755196
Someone Like You,Adele,9/11/2011,1,1,9,Someone Like You+Adele,0.538562894
You And I,Lady Gaga,9/11/2011,6,6,5,You And I+Lady Gaga,0.913666427
You Make Me Feel...,Cobra Starship Featuring Sabi,9/11/2011,8,8,8,You Make Me Feel...+Cobra Starship Featuring Sabi,0.999593079
Cheers (Drink To That),Rihanna,9/18/2011,10,10,7,Cheers (Drink To That)+Rihanna,0.99250716
Sexy And I Know It,LMFAO,10/2/2011,10,10,4,Sexy And I Know It+LMFAO,0.99658668
Without You,David Guetta Featuring Usher,10/9/2011,8,8,5,Without You+David Guetta Featuring Usher,0.008153903
We Found Love,Rihanna Featuring Calvin Harris,10/9/2011,9,9,2,We Found Love+Rihanna Featuring Calvin Harris,0.982696056
"Young, Wild & Free",Snoop Dogg & Wiz Khalifa Featuring Bruno Mars,10/23/2011,10,10,0,"Young, Wild & Free+Snoop Dogg & Wiz Khalifa Featuring Bruno Mars",0.952244997
Make Me Proud,Drake Featuring Nicki Minaj,10/30/2011,9,9,2,Make Me Proud+Drake Featuring Nicki Minaj,0.027012391
Mr. Know It All,Kelly Clarkson,11/6/2011,10,10,8,Mr. Know It All+Kelly Clarkson,0.925523996
Good Feeling,Flo Rida,11/13/2011,8,8,6,Good Feeling+Flo Rida,0.983988941
It Will Rain,Bruno Mars,11/20/2011,9,9,7,It Will Rain+Bruno Mars,0.997088492
If This Was A Movie,Taylor Swift,11/20/2011,10,10,0,If This Was A Movie+Taylor Swift,0.000887659
Take Care,Drake Featuring Rihanna,11/27/2011,9,9,0,Take Care+Drake Featuring Rihanna,0.248037264
The One That Got Away,Katy Perry,11/27/2011,10,10,6,The One That Got Away+Katy Perry,0.895746171
Set Fire To The Rain,Adele,1/1/2012,7,7,17,Set Fire To The Rain+Adele,0.066105492
Rack City,Tyga,1/22/2012,8,8,8,Rack City+Tyga,0.026963918
Turn Me On,David Guetta Featuring Nicki Minaj,1/22/2012,10,10,7,Turn Me On+David Guetta Featuring Nicki Minaj,0.994701564
Stronger (What Doesn't Kill You),Kelly Clarkson,1/29/2012,8,8,5,Stronger (What Doesn't Kill You)+Kelly Clarkson,0.00052755
Domino,Jessie J,1/29/2012,10,10,15,Domino+Jessie J,0.974790931
We Are Young,fun. Featuring Janelle Monae,2/19/2012,3,3,8,We Are Young+fun. Featuring Janelle Monae,0.963969469
I Will Always Love You,Whitney Houston,2/19/2012,7,1,27,I Will Always Love You+Whitney Houston,0.090396389
Give Me All Your Luvin',Madonna Featuring Nicki Minaj & M.I.A.,2/19/2012,10,10,2,Give Me All Your Luvin'+Madonna Featuring Nicki Minaj & M.I.A.,0.957218587
I Wanna Dance With Somebody (Who Loves Me),Whitney Houston,2/19/2012,35,1,19,I Wanna Dance With Somebody (Who Loves Me)+Whitney Houston,0.997745812
Greatest Love Of All,Whitney Houston,2/19/2012,41,1,19,Greatest Love Of All+Whitney Houston,0.022502035
Part Of Me,Katy Perry,2/26/2012,1,1,1,Part Of Me+Katy Perry,0.010024761
Starships,Nicki Minaj,2/26/2012,9,9,0,Starships+Nicki Minaj,0.9982059
Turn Up The Music,Chris Brown,2/26/2012,10,10,0,Turn Up The Music+Chris Brown,0.99763298
How Will I Know,Whitney Houston,2/26/2012,49,1,24,How Will I Know+Whitney Houston,0.275875539
Glad You Came,The Wanted,3/4/2012,5,5,7,Glad You Came+The Wanted,0.01597942
Somebody That I Used To Know,Gotye Featuring Kimbra,3/11/2012,9,9,9,Somebody That I Used To Know+Gotye Featuring Kimbra,0.990292907
Wild Ones,Flo Rida Featuring Sia,3/25/2012,9,9,11,Wild Ones+Flo Rida Featuring Sia,0.419946969
Boyfriend,Justin Bieber,4/8/2012,2,2,0,Boyfriend+Justin Bieber,0.88865912
What Makes You Beautiful,One Direction,4/8/2012,9,9,7,What Makes You Beautiful+One Direction,0.996862292
Call Me Maybe,Carly Rae Jepsen,4/8/2012,10,10,6,Call Me Maybe+Carly Rae Jepsen,0.0037447
Payphone,Maroon 5 Featuring Wiz Khalifa,4/29/2012,3,3,0,Payphone+Maroon 5 Featuring Wiz Khalifa,0.007398537
Drive By,Train,5/20/2012,10,10,18,Drive By+Train,0.941640615
Home,Phillip Phillips,6/3/2012,10,10,0,Home+Phillip Phillips,0.006860979
Where Have You Been,Rihanna,6/10/2012,9,9,7,Where Have You Been+Rihanna,0.997531891
Wide Awake,Katy Perry,6/17/2012,9,9,3,Wide Awake+Katy Perry,0.000218422
Lights,Ellie Goulding,7/1/2012,6,6,27,Lights+Ellie Goulding,0.999773681
Scream,Usher,7/1/2012,10,10,9,Scream+Usher,0.994192541
Titanium,David Guetta Featuring Sia,7/8/2012,9,9,12,Titanium+David Guetta Featuring Sia,0.01000251
Whistle,Flo Rida,7/22/2012,7,7,9,Whistle+Flo Rida,0.998952746
Blow Me (One Last Kiss),P!nk,7/22/2012,9,9,2,Blow Me (One Last Kiss)+P!nk,0.46155408
Some Nights,fun.,8/19/2012,8,8,25,Some Nights+fun.,0.297423929
We Are Never Ever Getting Back Together,Taylor Swift,8/26/2012,1,1,2,We Are Never Ever Getting Back Together+Taylor Swift,0.030000586
As Long As You Love Me,Justin Bieber Featuring Big Sean,8/26/2012,8,8,9,As Long As You Love Me+Justin Bieber Featuring Big Sean,0.998143315
One More Night,Maroon 5,8/26/2012,9,9,9,One More Night+Maroon 5,0.985257804
Everybody Talks,Neon Trees,9/9/2012,6,6,25,Everybody Talks+Neon Trees,0.92326659
Too Close,Alex Clare,9/16/2012,10,10,24,Too Close+Alex Clare,0.985720098
Begin Again,Taylor Swift,10/7/2012,7,7,0,Begin Again+Taylor Swift,0.82553494
Live While We're Young,One Direction,10/14/2012,3,3,0,Live While We're Young+One Direction,0.953076541
Red,Taylor Swift,10/14/2012,6,6,0,Red+Taylor Swift,0.003805472
Skyfall,Adele,10/14/2012,8,8,0,Skyfall+Adele,0.052121177
I Knew You Were Trouble.,Taylor Swift,10/21/2012,3,3,0,I Knew You Were Trouble.+Taylor Swift,0.00061528
Die Young,Ke$ha,10/21/2012,8,8,3,Die Young+Ke$ha,0.989512384
Diamonds,Rihanna,10/28/2012,8,8,4,Diamonds+Rihanna,0.760105848
Locked Out Of Heaven,Bruno Mars,11/4/2012,7,7,4,Locked Out Of Heaven+Bruno Mars,0.998850822
Don't Wake Me Up,Chris Brown,11/4/2012,10,10,18,Don't Wake Me Up+Chris Brown,0.135765269
I Cry,Flo Rida,11/18/2012,10,10,7,I Cry+Flo Rida,0.994924068
Ho Hey,The Lumineers,11/25/2012,8,8,24,Ho Hey+The Lumineers,0.265314281
Beauty And A Beat,Justin Bieber Featuring Nicki Minaj,12/16/2012,9,9,9,Beauty And A Beat+Justin Bieber Featuring Nicki Minaj,0.990332067
Thrift Shop,Macklemore & Ryan Lewis Featuring Wanz,12/30/2012,10,10,12,Thrift Shop+Macklemore & Ryan Lewis Featuring Wanz,0.169388905
Don't You Worry Child,Swedish House Mafia Featuring John Martin,1/20/2013,7,7,17,Don't You Worry Child+Swedish House Mafia Featuring John Martin,0.471258819
Suit & Tie,Justin Timberlake Featuring JAY Z,1/27/2013,4,4,2,Suit & Tie+Justin Timberlake Featuring JAY Z,0.895911932
Try,P!nk,2/10/2013,9,9,15,Try+P!nk,0.987779737
Sweet Nothing,Calvin Harris Featuring Florence Welch,2/10/2013,10,10,13,Sweet Nothing+Calvin Harris Featuring Florence Welch,0.984749019
Daylight,Maroon 5,2/17/2013,7,7,10,Daylight+Maroon 5,0.999352515
When I Was Your Man,Bruno Mars,2/17/2013,9,9,8,When I Was Your Man+Bruno Mars,0.002384047
Harlem Shake,Baauer,2/24/2013,1,1,1,Harlem Shake+Baauer,0.983342052
Stay,Rihanna Featuring Mikky Ekko,2/24/2013,3,3,2,Stay+Rihanna Featuring Mikky Ekko,0.974713206
Started From The Bottom,Drake,2/24/2013,10,10,2,Started From The Bottom+Drake,0.959311664
Love Me,Lil Wayne Featuring Drake & Future,3/3/2013,10,10,6,Love Me+Lil Wayne Featuring Drake & Future,0.997901678
Just Give Me A Reason,P!nk Featuring Nate Ruess,3/24/2013,9,9,5,Just Give Me A Reason+P!nk Featuring Nate Ruess,0.962750971
Feel This Moment,Pitbull Featuring Christina Aguilera,3/31/2013,8,8,9,Feel This Moment+Pitbull Featuring Christina Aguilera,0.956057131
Radioactive,Imagine Dragons,4/7/2013,7,7,31,Radioactive+Imagine Dragons,0.911294818
The Way,Ariana Grande Featuring Mac Miller,4/7/2013,10,10,0,The Way+Ariana Grande Featuring Mac Miller,0.995936036
Can't Hold Us,Macklemore & Ryan Lewis Featuring Ray Dalton,4/14/2013,7,7,9,Can't Hold Us+Macklemore & Ryan Lewis Featuring Ray Dalton,0.055846401
Cruise,Florida Georgia Line Featuring Nelly,4/14/2013,8,8,27,Cruise+Florida Georgia Line Featuring Nelly,0.497639447
Mirrors,Justin Timberlake,4/21/2013,7,7,9,Mirrors+Justin Timberlake,0.039606359
Heart Attack,Demi Lovato,4/21/2013,10,10,7,Heart Attack+Demi Lovato,0.939122319
I Love It,Icona Pop Featuring Charli XCX,5/5/2013,9,9,13,I Love It+Icona Pop Featuring Charli XCX,0.982350945
Come & Get It,Selena Gomez,5/19/2013,6,6,5,Come & Get It+Selena Gomez,0.997017741
Get Lucky,Daft Punk Featuring Pharrell Williams,5/26/2013,10,10,5,Get Lucky+Daft Punk Featuring Pharrell Williams,0.995703399
Blurred Lines,Robin Thicke Featuring T.I. + Pharrell,6/9/2013,6,6,7,Blurred Lines+Robin Thicke Featuring T.I. + Pharrell,0.362134933
We Can't Stop,Miley Cyrus,6/30/2013,5,5,3,We Can't Stop+Miley Cyrus,0.963663816
Treasure,Bruno Mars,6/30/2013,8,8,6,Treasure+Bruno Mars,0.980173349
Cups (Pitch Perfect's When I'm Gone),Anna Kendrick,7/14/2013,10,10,28,Cups (Pitch Perfect's When I'm Gone)+Anna Kendrick,0.014908197
Holy Grail,Jay Z Featuring Justin Timberlake,7/21/2013,8,8,0,Holy Grail+Jay Z Featuring Justin Timberlake,0.815313637
Best Song Ever,One Direction,8/4/2013,2,2,0,Best Song Ever+One Direction,0.765286744
Clarity,Zedd Featuring Foxes,8/11/2013,8,8,20,Clarity+Zedd Featuring Foxes,0.004995831
Safe And Sound,Capital Cities,8/11/2013,9,9,14,Safe And Sound+Capital Cities,0.970573664
Love Somebody,Maroon 5,8/11/2013,10,10,11,Love Somebody+Maroon 5,0.9752931
Roar,Katy Perry,8/25/2013,2,2,2,Roar+Katy Perry,0.935128033
Applause,Lady Gaga,8/25/2013,6,6,0,Applause+Lady Gaga,0.700007617
Wake Me Up!,Avicii,9/1/2013,7,7,9,Wake Me Up!+Avicii,0.000384107
Summertime Sadness,Lana Del Rey & Cedric Gervais,9/1/2013,9,9,7,Summertime Sadness+Lana Del Rey & Cedric Gervais,0.986083806
Berzerk,Eminem,9/8/2013,3,3,0,Berzerk+Eminem,0.979449391
Royals,Lorde,9/8/2013,8,8,9,Royals+Lorde,0.996669233
"Hold On, We're Going Home",Drake Featuring Majid Jordan,9/15/2013,8,8,5,"Hold On, We're Going Home+Drake Featuring Majid Jordan",0.877777696
Wrecking Ball,Miley Cyrus,9/22/2013,1,1,4,Wrecking Ball+Miley Cyrus,0.082190998
The Fox,Ylvis,10/6/2013,8,8,4,The Fox+Ylvis,0.980538189
Rap God,Eminem,10/27/2013,7,7,0,Rap God+Eminem,0.954949319
Counting Stars,OneRepublic,11/3/2013,8,8,19,Counting Stars+OneRepublic,0.007062668
Demons,Imagine Dragons,11/3/2013,9,9,27,Demons+Imagine Dragons,0.734915733
The Monster,Eminem Featuring Rihanna,11/10/2013,3,3,0,The Monster+Eminem Featuring Rihanna,0.893834472
Story Of My Life,One Direction,11/10/2013,6,6,0,Story Of My Life+One Direction,0.995913088
Thriller,Michael Jackson,11/10/2013,42,4,15,Thriller+Michael Jackson,0.828999698
Dope,Lady Gaga,11/17/2013,8,8,0,Dope+Lady Gaga,0.024968045
Timber,Pitbull Featuring Ke$ha,11/24/2013,10,10,6,Timber+Pitbull Featuring Ke$ha,0.975298047
Livin' On A Prayer,Bon Jovi,11/24/2013,25,1,22,Livin' On A Prayer+Bon Jovi,0.506454885
Let Her Go,Passenger,12/1/2013,10,10,17,Let Her Go+Passenger,0.181933686
Only Time,Enya,12/1/2013,43,10,32,Only Time+Enya,0.027158089
Say Something,A Great Big World & Christina Aguilera,12/8/2013,10,10,4,Say Something+A Great Big World & Christina Aguilera,0.963558137
Dark Horse,Katy Perry Featuring Juicy J,1/12/2014,6,6,16,Dark Horse+Katy Perry Featuring Juicy J,0.725366712
Team,Lorde,1/26/2014,8,8,17,Team+Lorde,0.147953391
Pompeii,Bastille,1/26/2014,10,10,23,Pompeii+Bastille,0.787620664
Talk Dirty,Jason Derulo Featuring 2 Chainz,2/2/2014,6,6,6,Talk Dirty+Jason Derulo Featuring 2 Chainz,0.045920271
Drunk In Love,Beyonce Featuring Jay Z,2/9/2014,2,2,7,Drunk In Love+Beyonce Featuring Jay Z,0.978049815
Happy,Pharrell Williams,2/9/2014,8,8,5,Happy+Pharrell Williams,0.9717834
All Of Me,John Legend,3/2/2014,4,4,20,All Of Me+John Legend,0.818539739
Let It Go,Idina Menzel,3/16/2014,9,9,15,Let It Go+Idina Menzel,0.022827426
We Might Be Dead By Tomorrow,Soko,3/23/2014,9,9,0,We Might Be Dead By Tomorrow+Soko,0.994816244
The Man,Aloe Blacc,3/23/2014,10,10,12,The Man+Aloe Blacc,0.564861536
Not A Bad Thing,Justin Timberlake,4/27/2014,8,8,8,Not A Bad Thing+Justin Timberlake,0.060968474
Loyal,Chris Brown Featuring Lil Wayne & French Montana Or Too $hort Or Tyga,4/27/2014,9,9,14,Loyal+Chris Brown Featuring Lil Wayne & French Montana Or Too $hort Or Tyga,0.957005203
Fancy,Iggy Azalea Featuring Charli XCX,5/4/2014,7,7,8,Fancy+Iggy Azalea Featuring Charli XCX,0.982718945
Problem,Ariana Grande Featuring Iggy Azalea,5/11/2014,3,3,0,Problem+Ariana Grande Featuring Iggy Azalea,0.994700074
Ain't It Fun,Paramore,5/18/2014,10,10,11,Ain't It Fun+Paramore,0.873097777
Love Never Felt So Good,Michael Jackson & Justin Timberlake,5/25/2014,9,9,3,Love Never Felt So Good+Michael Jackson & Justin Timberlake,0.993565619
A Sky Full Of Stars,Coldplay,5/25/2014,10,10,3,A Sky Full Of Stars+Coldplay,0.112794213
Wiggle,Jason Derulo Featuring Snoop Dogg,6/1/2014,10,10,4,Wiggle+Jason Derulo Featuring Snoop Dogg,0.997482717
Billie Jean,Michael Jackson,6/1/2014,14,1,25,Billie Jean+Michael Jackson,0.9912377
Rude,MAGIC!,6/8/2014,8,8,6,Rude+MAGIC!,0.622340918
Summer,Calvin Harris,6/8/2014,9,9,11,Summer+Calvin Harris,0.943279266
Maps,Maroon 5,7/13/2014,9,9,3,Maps+Maroon 5,0.771504879
Latch,Disclosure Featuring Sam Smith,7/20/2014,10,10,17,Latch+Disclosure Featuring Sam Smith,0.00544501
Chandelier,Sia,8/3/2014,9,9,12,Chandelier+Sia,0.384510756
Bang Bang,"Jessie J, Ariana Grande & Nicki Minaj",8/10/2014,6,6,0,"Bang Bang+Jessie J, Ariana Grande & Nicki Minaj",0.805553675
All About That Bass,Meghan Trainor,8/10/2014,8,8,4,All About That Bass+Meghan Trainor,0.35763824
Boom Clap,Charli XCX,8/17/2014,10,10,10,Boom Clap+Charli XCX,0.993279159
Break Free,Ariana Grande Featuring Zedd,8/24/2014,4,4,7,Break Free+Ariana Grande Featuring Zedd,0.011995749
Black Widow,Iggy Azalea Featuring Rita Ora,8/24/2014,8,8,7,Black Widow+Iggy Azalea Featuring Rita Ora,0.98732996
Shake It Off,Taylor Swift,8/31/2014,1,1,1,Shake It Off+Taylor Swift,0.625787854
Anaconda,Nicki Minaj,8/31/2014,2,2,3,Anaconda+Nicki Minaj,0.997553408
Habits (Stay High),Tove Lo,10/5/2014,7,7,18,Habits (Stay High)+Tove Lo,0.006939269
Rather Be,Clean Bandit Featuring Jess Glynne,10/5/2014,10,10,16,Rather Be+Clean Bandit Featuring Jess Glynne,0.002434736
Animals,Maroon 5,10/12/2014,8,8,7,Animals+Maroon 5,0.976974428
Don't,Ed Sheeran,10/26/2014,10,10,19,Don't+Ed Sheeran,0.99002856
Take Me To Church,Hozier,11/2/2014,9,9,11,Take Me To Church+Hozier,0.015364989
Blank Space,Taylor Swift,11/23/2014,1,1,3,Blank Space+Taylor Swift,0.987268567
I'm Not The Only One,Sam Smith,11/23/2014,9,9,11,I'm Not The Only One+Sam Smith,0.704927206
Jealous,Nick Jonas,11/23/2014,10,10,10,Jealous+Nick Jonas,0.002187371
The Heart Wants What It Wants,Selena Gomez,12/7/2014,6,6,4,The Heart Wants What It Wants+Selena Gomez,0.0050132
Lips Are Movin,Meghan Trainor,12/14/2014,8,8,7,Lips Are Movin+Meghan Trainor,0.017134355
Thinking Out Loud,Ed Sheeran,12/21/2014,6,6,10,Thinking Out Loud+Ed Sheeran,0.99354279
Sugar,Maroon 5,1/25/2015,8,8,0,Sugar+Maroon 5,0.972023427
Centuries,Fall Out Boy,2/1/2015,10,10,20,Centuries+Fall Out Boy,0.118509077
Love Me Like You Do,Ellie Goulding,2/15/2015,9,9,5,Love Me Like You Do+Ellie Goulding,0.925151944
Style,Taylor Swift,2/22/2015,10,10,10,Style+Taylor Swift,0.936756551
Earned It (Fifty Shades Of Grey),The Weeknd,3/1/2015,9,9,9,Earned It (Fifty Shades Of Grey)+The Weeknd,0.987471521
Time Of Our Lives,Pitbull & Ne-Yo,3/8/2015,10,10,12,Time Of Our Lives+Pitbull & Ne-Yo,0.741947591
Lay Me Down,Sam Smith,3/22/2015,8,8,6,Lay Me Down+Sam Smith,0.16282399
Trap Queen,Fetty Wap,3/22/2015,10,10,8,Trap Queen+Fetty Wap,0.268957496
G.D.F.R.,Flo Rida Featuring Sage The Gemini & Lookas,3/29/2015,10,10,19,G.D.F.R.+Flo Rida Featuring Sage The Gemini & Lookas,0.012569019
Somebody,Natalie La Rose Featuring Jeremih,4/5/2015,10,10,10,Somebody+Natalie La Rose Featuring Jeremih,0.96795243
See You Again,Wiz Khalifa Featuring Charlie Puth,4/12/2015,10,10,4,See You Again+Wiz Khalifa Featuring Charlie Puth,0.118612863
Shut Up And Dance,WALK THE MOON,4/19/2015,9,9,22,Shut Up And Dance+WALK THE MOON,0.984039366
Want To Want Me,Jason Derulo,5/3/2015,10,10,7,Want To Want Me+Jason Derulo,0.239646807
Nasty Freestyle,T-Wayne,5/10/2015,9,9,3,Nasty Freestyle+T-Wayne,0.91649431
Bad Blood,Taylor Swift Featuring Kendrick Lamar,5/31/2015,1,1,4,Bad Blood+Taylor Swift Featuring Kendrick Lamar,0.946750402
Hey Mama,"David Guetta Featuring Nicki Minaj, Bebe Rexha & Afrojack",5/31/2015,8,8,9,"Hey Mama+David Guetta Featuring Nicki Minaj, Bebe Rexha & Afrojack",0.990805149
"Honey, I'm Good.",Andy Grammer,6/14/2015,9,9,15,"Honey, I'm Good.+Andy Grammer",0.882713675
Cheerleader,OMI,6/21/2015,7,7,8,Cheerleader+OMI,0.01234544
Can't Feel My Face,The Weeknd,7/5/2015,6,6,3,Can't Feel My Face+The Weeknd,0.9872033
Good For You,Selena Gomez Featuring A$AP Rocky,7/5/2015,9,9,0,Good For You+Selena Gomez Featuring A$AP Rocky,0.019250054
Fight Song,Rachel Platten,7/12/2015,10,10,12,Fight Song+Rachel Platten,0.113021784
The Hills,The Weeknd,7/26/2015,10,10,8,The Hills+The Weeknd,0.356627971
My Way,Fetty Wap Featuring Monty,8/2/2015,7,7,3,My Way+Fetty Wap Featuring Monty,0.923299789
Drag Me Down,One Direction,8/16/2015,3,3,0,Drag Me Down+One Direction,0.991661191
679,Fetty Wap Featuring Remy Boyz,8/30/2015,8,8,8,679+Fetty Wap Featuring Remy Boyz,0.997504771
Locked Away,R. City Featuring Adam Levine,9/6/2015,8,8,6,Locked Away+R. City Featuring Adam Levine,0.863279343
What Do You Mean?,Justin Bieber,9/13/2015,1,1,1,What Do You Mean?+Justin Bieber,0.010275383
Photograph,Ed Sheeran,9/20/2015,10,10,18,Photograph+Ed Sheeran,0.039712712
Hotline Bling,Drake,9/27/2015,9,9,7,Hotline Bling+Drake,0.007515072
Wildest Dreams,Taylor Swift,10/4/2015,10,10,5,Wildest Dreams+Taylor Swift,0.325551331
Stitches,Shawn Mendes,10/11/2015,9,9,19,Stitches+Shawn Mendes,0.058314543
Perfect,One Direction,11/1/2015,10,10,0,Perfect+One Direction,0.998974919
Hello,Adele,11/8/2015,1,1,1,Hello+Adele,0.588952124
Sorry,Justin Bieber,11/8/2015,2,2,0,Sorry+Justin Bieber,0.002261454
Focus,Ariana Grande,11/15/2015,7,7,0,Focus+Ariana Grande,0.972943306
Like I'm Gonna Lose You,Meghan Trainor Featuring John Legend,11/15/2015,10,10,18,Like I'm Gonna Lose You+Meghan Trainor Featuring John Legend,0.963781297
Ex's & Oh's,Elle King,11/22/2015,10,10,19,Ex's & Oh's+Elle King,0.153710991
Love Yourself,Justin Bieber,11/29/2015,4,4,0,Love Yourself+Justin Bieber,0.979377925
Here,Alessia Cara,11/29/2015,10,10,16,Here+Alessia Cara,0.937571108
Same Old Love,Selena Gomez,12/13/2015,10,10,12,Same Old Love+Selena Gomez,0.006408073
Stressed Out,twenty one pilots,1/10/2016,9,9,15,Stressed Out+twenty one pilots,0.392080247
Roses,The Chainsmokers Featuring Rozes,1/31/2016,8,8,14,Roses+The Chainsmokers Featuring Rozes,0.003448604
My House,Flo Rida,2/7/2016,5,5,12,My House+Flo Rida,0.544301927
Hands To Myself,Selena Gomez,2/7/2016,7,7,8,Hands To Myself+Selena Gomez,0.001482842
Work,Rihanna Featuring Drake,2/7/2016,9,9,0,Work+Rihanna Featuring Drake,0.995376468
Pillowtalk,Zayn,2/14/2016,1,1,1,Pillowtalk+Zayn,0.22003755
Summer Sixteen,Drake,2/14/2016,6,6,0,Summer Sixteen+Drake,0.133139625
"Me, Myself & I",G-Eazy x Bebe Rexha,2/14/2016,10,10,14,"Me, Myself & I+G-Eazy x Bebe Rexha",0.993779123
Cake By The Ocean,DNCE,2/28/2016,10,10,18,Cake By The Ocean+DNCE,0.986833632
Piece By Piece,Kelly Clarkson,3/13/2016,8,8,0,Piece By Piece+Kelly Clarkson,0.995586157
7 Years,Lukas Graham,3/13/2016,9,9,7,7 Years+Lukas Graham,0.000786663
I Took A Pill In Ibiza,Mike Posner,3/20/2016,10,10,8,I Took A Pill In Ibiza+Mike Posner,0.000591297
Dangerous Woman,Ariana Grande,3/27/2016,10,10,0,Dangerous Woman+Ariana Grande,0.988566697
No,Meghan Trainor,4/3/2016,6,6,3,No+Meghan Trainor,0.003640718
Work From Home,Fifth Harmony Featuring Ty Dolla $ign,4/10/2016,10,10,5,Work From Home+Fifth Harmony Featuring Ty Dolla $ign,0.98562789
Panda,Desiigner,4/17/2016,5,5,7,Panda+Desiigner,0.998937309
One Dance,Drake Featuring WizKid & Kyla,5/1/2016,3,3,3,One Dance+Drake Featuring WizKid & Kyla,0.14519541
Purple Rain,Prince And The Revolution,5/1/2016,17,2,17,Purple Rain+Prince And The Revolution,0.980167747
When Doves Cry,Prince,5/1/2016,20,1,22,When Doves Cry+Prince,0.964547157
Kiss,Prince And The Revolution,5/1/2016,28,1,19,Kiss+Prince And The Revolution,0.949935734
Little Red Corvette,Prince,5/1/2016,29,6,23,Little Red Corvette+Prince,0.524455249
Let's Go Crazy,Prince And The Revolution,5/1/2016,39,1,20,Let's Go Crazy+Prince And The Revolution,0.609462142
Formation,Beyonce,5/8/2016,10,10,0,Formation+Beyonce,0.77125293
Raspberry Beret,Prince And The Revolution,5/8/2016,33,2,18,Raspberry Beret+Prince And The Revolution,0.761179924
I Would Die 4 U,Prince And The Revolution,5/8/2016,39,8,16,I Would Die 4 U+Prince And The Revolution,0.956513822
Don't Let Me Down,The Chainsmokers Featuring Daya,5/15/2016,7,7,12,Don't Let Me Down+The Chainsmokers Featuring Daya,0.012561151
This Is What You Came For,Calvin Harris Featuring Rihanna,5/15/2016,9,9,0,This Is What You Came For+Calvin Harris Featuring Rihanna,0.983141541
Can't Stop The Feeling!,Justin Timberlake,5/22/2016,1,1,1,Can't Stop The Feeling!+Justin Timberlake,0.997038245
Needed Me,Rihanna,5/22/2016,10,10,15,Needed Me+Rihanna,0.902646959
Just Like Fire,P!nk,6/12/2016,10,10,7,Just Like Fire+P!nk,0.589796662
Cheap Thrills,Sia Featuring Sean Paul,6/26/2016,8,8,18,Cheap Thrills+Sia Featuring Sean Paul,0.998826563
Don't Mind,Kent Jones,6/26/2016,10,10,7,Don't Mind+Kent Jones,0.639744997
Ride,twenty one pilots,7/3/2016,10,10,15,Ride+twenty one pilots,0.000462927
Cold Water,Major Lazer Featuring Justin Bieber & MO,8/7/2016,2,2,0,Cold Water+Major Lazer Featuring Justin Bieber & MO,0.014120097
Closer,The Chainsmokers Featuring Halsey,8/14/2016,9,9,0,Closer+The Chainsmokers Featuring Halsey,0.74309212
Heathens,twenty one pilots,8/21/2016,4,4,8,Heathens+twenty one pilots,0.69403106
Treat You Better,Shawn Mendes,9/4/2016,10,10,12,Treat You Better+Shawn Mendes,0.998336792
We Don't Talk Anymore,Charlie Puth Featuring Selena Gomez,9/18/2016,10,10,14,We Don't Talk Anymore+Charlie Puth Featuring Selena Gomez,0.58178556
Let Me Love You,DJ Snake Featuring Justin Bieber,9/25/2016,6,6,6,Let Me Love You+DJ Snake Featuring Justin Bieber,0.982646227
Broccoli,D.R.A.M. Featuring Lil Yachty,10/2/2016,8,8,15,Broccoli+D.R.A.M. Featuring Lil Yachty,0.013936046
Starboy,The Weeknd Featuring Daft Punk,10/9/2016,3,3,2,Starboy+The Weeknd Featuring Daft Punk,0.001012907
24K Magic,Bruno Mars,10/23/2016,5,5,0,24K Magic+Bruno Mars,0.971829057
Side To Side,Ariana Grande Featuring Nicki Minaj,10/23/2016,10,10,7,Side To Side+Ariana Grande Featuring Nicki Minaj,0.947413206
Don't Wanna Know,Maroon 5 Featuring Kendrick Lamar,10/30/2016,9,9,2,Don't Wanna Know+Maroon 5 Featuring Kendrick Lamar,0.449430794
Black Beatles,Rae Sremmurd Featuring Gucci Mane,11/13/2016,9,9,8,Black Beatles+Rae Sremmurd Featuring Gucci Mane,0.195561245
Fake Love,Drake,11/13/2016,10,10,2,Fake Love+Drake,0.008587604
Deja Vu,J. Cole,12/25/2016,7,7,0,Deja Vu+J. Cole,0.993450105
Bad And Boujee,Migos Featuring Lil Uzi Vert,1/8/2017,2,2,7,Bad And Boujee+Migos Featuring Lil Uzi Vert,0.768786073
Faith,George Michael,1/8/2017,47,1,21,Faith+George Michael,0.99134165
Shape Of You,Ed Sheeran,1/22/2017,1,1,1,Shape Of You+Ed Sheeran,0.986563325
Castle On The Hill,Ed Sheeran,1/22/2017,6,6,0,Castle On The Hill+Ed Sheeran,0.317733467
Paris,The Chainsmokers,1/29/2017,7,7,0,Paris+The Chainsmokers,0.997723997
Scars To Your Beautiful,Alessia Cara,2/5/2017,10,10,22,Scars To Your Beautiful+Alessia Cara,0.984561741
Million Reasons,Lady Gaga,2/19/2017,4,4,12,Million Reasons+Lady Gaga,0.984775603
Bounce Back,Big Sean,2/19/2017,6,6,14,Bounce Back+Big Sean,0.10683386
Chained To The Rhythm,Katy Perry Featuring Skip Marley,2/26/2017,4,4,0,Chained To The Rhythm+Katy Perry Featuring Skip Marley,0.995677888
That's What I Like,Bruno Mars,2/26/2017,7,7,5,That's What I Like+Bruno Mars,0.973970234
Love On The Brain,Rihanna,2/26/2017,8,8,18,Love On The Brain+Rihanna,0.954134881
I Feel It Coming,The Weeknd Featuring Daft Punk,2/26/2017,9,9,13,I Feel It Coming+The Weeknd Featuring Daft Punk,0.997722089
Tunnel Vision,Kodak Black,3/12/2017,8,8,2,Tunnel Vision+Kodak Black,0.98126018
Rockabye,Clean Bandit Featuring Sean Paul & Anne-Marie,3/19/2017,9,9,14,Rockabye+Clean Bandit Featuring Sean Paul & Anne-Marie,0.980838299
Passionfruit,Drake,4/2/2017,8,8,0,Passionfruit+Drake,0.00280122
Portland,Drake Featuring Quavo & Travis Scott,4/2/2017,9,9,0,Portland+Drake Featuring Quavo & Travis Scott,0.086354934
Humble.,Kendrick Lamar,4/16/2017,2,2,0,Humble.+Kendrick Lamar,0.990293741
Body Like A Back Road,Sam Hunt,4/16/2017,6,6,10,Body Like A Back Road+Sam Hunt,0.028552497
Sign Of The Times,Harry Styles,4/23/2017,4,4,0,Sign Of The Times+Harry Styles,0.40396294
Mask Off,Future,4/23/2017,7,7,8,Mask Off+Future,0.001237792
XO TOUR Llif3,Lil Uzi Vert,4/23/2017,8,8,3,XO TOUR Llif3+Lil Uzi Vert,0.003961055
DNA.,Kendrick Lamar,4/30/2017,4,4,0,DNA.+Kendrick Lamar,0.135833129
I'm The One,"DJ Khaled Featuring Justin Bieber, Quavo, Chance The Rapper & Lil Wayne",5/14/2017,1,1,1,"I'm The One+DJ Khaled Featuring Justin Bieber, Quavo, Chance The Rapper & Lil Wayne",0.980854511
Malibu,Miley Cyrus,5/28/2017,10,10,2,Malibu+Miley Cyrus,0.566631019
Congratulations,Post Malone Featuring Quavo,6/11/2017,10,10,23,Congratulations+Post Malone Featuring Quavo,0.985656857
Believer,Imagine Dragons,7/9/2017,6,6,21,Believer+Imagine Dragons,0.008965461
Unforgettable,French Montana Featuring Swae Lee,7/16/2017,10,10,13,Unforgettable+French Montana Featuring Swae Lee,0.486191303
There's Nothing Holdin' Me Back,Shawn Mendes,7/23/2017,8,8,12,There's Nothing Holdin' Me Back+Shawn Mendes,0.381973296
Attention,Charlie Puth,7/30/2017,10,10,13,Attention+Charlie Puth,0.146702364
In The End,Linkin Park,8/6/2017,37,2,39,In The End+Linkin Park,0.041058496
Bodak Yellow (Money Moves),Cardi B,8/20/2017,8,8,6,Bodak Yellow (Money Moves)+Cardi B,0.117074266
Look What You Made Me Do,Taylor Swift,9/10/2017,1,1,2,Look What You Made Me Do+Taylor Swift,0.067519784
1-800-273-8255,Logic Featuring Alessia Cara & Khalid,9/10/2017,9,9,18,1-800-273-8255+Logic Featuring Alessia Cara & Khalid,0.033513959
Strip That Down,Liam Payne Featuring Quavo,9/10/2017,10,10,15,Strip That Down+Liam Payne Featuring Quavo,0.994318664
Too Good At Goodbyes,Sam Smith,9/24/2017,5,5,0,Too Good At Goodbyes+Sam Smith,0.720596552
Rockstar,Post Malone Featuring 21 Savage,10/1/2017,2,2,0,Rockstar+Post Malone Featuring 21 Savage,0.994537055
Feel It Still,Portugal. The Man,10/1/2017,10,10,14,Feel It Still+Portugal. The Man,0.99370724
Sorry Not Sorry,Demi Lovato,10/8/2017,10,10,12,Sorry Not Sorry+Demi Lovato,0.153547481
Thunder,Imagine Dragons,10/15/2017,7,7,23,Thunder+Imagine Dragons,4.95E-05
Havana,Camila Cabello Featuring Young Thug,11/5/2017,7,7,11,Havana+Camila Cabello Featuring Young Thug,0.247104689
Perfect,Ed Sheeran,11/5/2017,10,10,9,Perfect+Ed Sheeran,0.989429414
Gucci Gang,Lil Pump,11/12/2017,7,7,8,Gucci Gang+Lil Pump,0.997672379
What Lovers Do,Maroon 5 Featuring SZA,11/19/2017,9,9,11,What Lovers Do+Maroon 5 Featuring SZA,0.085855007
No Limit,G-Eazy Featuring A$AP Rocky & Cardi B,12/10/2017,8,8,12,No Limit+G-Eazy Featuring A$AP Rocky & Cardi B,0.265258789
Bad At Love,Halsey,12/17/2017,8,8,14,Bad At Love+Halsey,0.910052001
MotorSport,"Migos, Nicki Minaj & Cardi B",12/24/2017,6,6,7,"MotorSport+Migos, Nicki Minaj & Cardi B",0.085302353
All I Want For Christmas Is You,Mariah Carey,12/24/2017,9,9,22,All I Want For Christmas Is You+Mariah Carey,0.984793186
Finesse,Bruno Mars & Cardi B,1/14/2018,3,3,2,Finesse+Bruno Mars & Cardi B,0.992339492
Filthy,Justin Timberlake,1/14/2018,9,9,0,Filthy+Justin Timberlake,0.024965022
New Rules,Dua Lipa,1/21/2018,8,8,25,New Rules+Dua Lipa,0.954286754
God's Plan,Drake,1/28/2018,1,1,1,God's Plan+Drake,0.996166885
Diplomatic Immunity,Drake,1/28/2018,7,7,0,Diplomatic Immunity+Drake,0.970243156
Say Something,Justin Timberlake Featuring Chris Stapleton,2/4/2018,9,9,0,Say Something+Justin Timberlake Featuring Chris Stapleton,0.97478652
Stir Fry,Migos,2/11/2018,8,8,7,Stir Fry+Migos,0.97171098
Meant To Be,Bebe Rexha & Florida Georgia Line,2/11/2018,9,9,16,Meant To Be+Bebe Rexha & Florida Georgia Line,0.155358225
Look Alive,BlocBoy JB Featuring Drake,2/18/2018,6,6,0,Look Alive+BlocBoy JB Featuring Drake,0.662946343
Psycho,Post Malone Featuring Ty Dolla $ign,3/4/2018,2,2,0,Psycho+Post Malone Featuring Ty Dolla $ign,0.742700338
The Middle,"Zedd, Maren Morris & Grey",3/11/2018,8,8,6,"The Middle+Zedd, Maren Morris & Grey",0.994204342
Sad!,XXXTENTACION,3/25/2018,7,7,3,Sad!+XXXTENTACION,0.661833584
Freaky Friday,Lil Dicky Featuring Chris Brown,3/25/2018,9,9,0,Freaky Friday+Lil Dicky Featuring Chris Brown,0.061054874
Call Out My Name,The Weeknd,4/8/2018,4,4,0,Call Out My Name+The Weeknd,0.998777092
Walk It Talk It,Migos Featuring Drake,4/8/2018,10,10,10,Walk It Talk It+Migos Featuring Drake,0.873375356
Nice For What,Drake,4/15/2018,1,1,1,Nice For What+Drake,0.009972134
I Like It,"Cardi B, Bad Bunny & J Balvin",4/15/2018,8,8,0,"I Like It+Cardi B, Bad Bunny & J Balvin",0.855424285
Chun-Li,Nicki Minaj,4/22/2018,10,10,2,Chun-Li+Nicki Minaj,0.00736797
No Tears Left To Cry,Ariana Grande,4/29/2018,3,3,0,No Tears Left To Cry+Ariana Grande,0.97805959
ATM,J. Cole,4/29/2018,6,6,0,ATM+J. Cole,0.006268643
Kevin's Heart,J. Cole,4/29/2018,8,8,0,Kevin's Heart+J. Cole,0.003407135
KOD,J. Cole,4/29/2018,10,10,0,KOD+J. Cole,0.074563213
Never Be The Same,Camila Cabello,5/6/2018,6,6,20,Never Be The Same+Camila Cabello,0.983050048
Better Now,Post Malone,5/6/2018,7,7,0,Better Now+Post Malone,0.699406981
This Is America,Childish Gambino,5/13/2018,1,1,1,This Is America+Childish Gambino,0.996024847
Boo'd Up,Ella Mai,5/27/2018,8,8,8,Boo'd Up+Ella Mai,0.914509892
Fake Love,BTS,5/27/2018,10,10,0,Fake Love+BTS,0.99826616
Girls Like You,Maroon 5 Featuring Cardi B,6/10/2018,4,4,2,Girls Like You+Maroon 5 Featuring Cardi B,0.996848762
Yikes,Kanye West,6/10/2018,8,8,0,Yikes+Kanye West,0.006338804
Lucid Dreams,Juice WRLD,6/10/2018,9,9,4,Lucid Dreams+Juice WRLD,0.014829705
Nonstop,Drake,7/8/2018,2,2,0,Nonstop+Drake,0.010479
In My Feelings,Drake,7/8/2018,6,6,0,In My Feelings+Drake,0.005617926
I'm Upset,Drake,7/8/2018,7,7,6,I'm Upset+Drake,0.145559147
Emotionless,Drake,7/8/2018,8,8,0,Emotionless+Drake,0.42828095
Don't Matter To Me,Drake Featuring Michael Jackson,7/8/2018,9,9,0,Don't Matter To Me+Drake Featuring Michael Jackson,0.997200489
FEFE,6ix9ine Featuring Nicki Minaj & Murda Beatz,7/29/2018,4,4,0,FEFE+6ix9ine Featuring Nicki Minaj & Murda Beatz,0.000610395
Taste,Tyga Featuring Offset,7/29/2018,10,10,9,Taste+Tyga Featuring Offset,0.997469783
No Brainer,"DJ Khaled Featuring Justin Bieber, Chance The Rapper & Quavo",8/5/2018,5,5,0,"No Brainer+DJ Khaled Featuring Justin Bieber, Chance The Rapper & Quavo",0.956736445
Sicko Mode,Travis Scott,8/12/2018,4,4,0,Sicko Mode+Travis Scott,0.983158946
Stargazing,Travis Scott,8/12/2018,8,8,0,Stargazing+Travis Scott,0.976119637
God Is A Woman,Ariana Grande,8/26/2018,8,8,6,God Is A Woman+Ariana Grande,0.360711753
Lucky You,Eminem Featuring Joyner Lucas,9/9/2018,6,6,0,Lucky You+Eminem Featuring Joyner Lucas,0.982662797
The Ringer,Eminem,9/9/2018,8,8,0,The Ringer+Eminem,0.080880083
Killshot,Eminem,9/23/2018,3,3,0,Killshot+Eminem,0.828190207
Youngblood,5 Seconds Of Summer,9/23/2018,10,10,16,Youngblood+5 Seconds Of Summer,0.020856688
Mona Lisa,Lil Wayne Featuring Kendrick Lamar,10/7/2018,2,2,0,Mona Lisa+Lil Wayne Featuring Kendrick Lamar,0.360422999
Don't Cry,Lil Wayne Featuring XXXTENTACION,10/7/2018,5,5,0,Don't Cry+Lil Wayne Featuring XXXTENTACION,0.403823763
Uproar,Lil Wayne,10/7/2018,7,7,0,Uproar+Lil Wayne,0.017084813
Let It Fly,Lil Wayne Featuring Travis Scott,10/7/2018,10,10,0,Let It Fly+Lil Wayne Featuring Travis Scott,0.947595298
